{
  "model": "bilstm",
  "best_val": 23.21990277380612,
  "best_epoch": 243,
  "test_top1": 22.060709705002136,
  "test_top5": 49.209063702436936,
  "total_time_s": 4342.259817361832,
  "num_classes": 2000,
  "num_params": 578428,
  "dataset": "wlasl2000",
  "dry_run": false,
  "timestamp": "2026-04-13 13:40:42"
}