{
  "model": "tcn",
  "val_top1": 15.956534172147554,
  "lr": 0.001223491877564636,
  "weight_decay": 3.858458436003364e-05,
  "batch_size": 32,
  "label_smoothing": 0.17076233962472065,
  "grad_clip": 2.172524605621878,
  "channels": 256,
  "dropout": 0.14992310118803637
}