{
  "model": "tcn",
  "best_val": 26.994566771518443,
  "best_epoch": 128,
  "test_top1": 24.326635314236853,
  "test_top5": 54.04018811457888,
  "total_time_s": 2332.5277144908905,
  "num_classes": 2000,
  "num_params": 1909072,
  "dataset": "wlasl2000",
  "dry_run": false,
  "timestamp": "2026-04-13 14:19:40"
}